{
	"credit": "Made with Blockbench",
	"texture_size": [48, 48],
	"textures": {
		"0": "item/medkit",
		"particle": "item/medkit"
	},
	"elements": [
		{
			"from": [5, 17, 6],
			"to": [11, 18, 8],
			"faces": {
				"north": {"uv": [0.66667, 7.66667, 2.66667, 8], "texture": "#0"},
				"east": {"uv": [0, 7.66667, 0.66667, 8], "texture": "#0"},
				"south": {"uv": [3.33333, 7.66667, 5.33333, 8], "texture": "#0"},
				"west": {"uv": [2.66667, 7.66667, 3.33333, 8], "texture": "#0"},
				"up": {"uv": [2.66667, 7.66667, 0.66667, 7], "texture": "#0"},
				"down": {"uv": [4.66667, 7, 2.66667, 7.66667], "texture": "#0"}
			}
		},
		{
			"from": [4, 15, 6],
			"to": [5, 17, 8],
			"faces": {
				"north": {"uv": [6, 7.66667, 6.33333, 8.33333], "texture": "#0"},
				"east": {"uv": [5.33333, 7.66667, 6, 8.33333], "texture": "#0"},
				"south": {"uv": [7, 7.66667, 7.33333, 8.33333], "texture": "#0"},
				"west": {"uv": [6.33333, 7.66667, 7, 8.33333], "texture": "#0"},
				"up": {"uv": [6.33333, 7.66667, 6, 7], "texture": "#0"},
				"down": {"uv": [6.66667, 7, 6.33333, 7.66667], "texture": "#0"}
			}
		},
		{
			"from": [11, 15, 6],
			"to": [12, 17, 8],
			"faces": {
				"north": {"uv": [0.66667, 0.66667, 1, 1.33333], "texture": "#0"},
				"east": {"uv": [0, 0.66667, 0.66667, 1.33333], "texture": "#0"},
				"south": {"uv": [1.66667, 0.66667, 2, 1.33333], "texture": "#0"},
				"west": {"uv": [1, 0.66667, 1.66667, 1.33333], "texture": "#0"},
				"up": {"uv": [1, 0.66667, 0.66667, 0], "texture": "#0"},
				"down": {"uv": [1.33333, 0, 1, 0.66667], "texture": "#0"}
			}
		},
		{
			"from": [0, 0, 4],
			"to": [16, 15, 10],
			"faces": {
				"north": {"uv": [2, 2, 7.33333, 7], "texture": "#0"},
				"east": {"uv": [0, 2, 2, 7], "texture": "#0"},
				"south": {"uv": [9.33333, 2, 14.66667, 7], "texture": "#0"},
				"west": {"uv": [7.33333, 2, 9.33333, 7], "texture": "#0"},
				"up": {"uv": [7.33333, 2, 2, 0], "texture": "#0"},
				"down": {"uv": [12.66667, 0, 7.33333, 2], "texture": "#0"}
			}
		}
	],
	"display": {
		"thirdperson_righthand": {
			"rotation": [-113, 180, 180],
			"translation": [0, -4.25, -4.75],
			"scale": [0.6, 0.6, 0.6]
		},
		"thirdperson_lefthand": {
			"rotation": [-113, 180, 180],
			"translation": [0, -4.25, -4.75],
			"scale": [0.6, 0.6, 0.6]
		},
		"firstperson_righthand": {
			"rotation": [0, -73, 0],
			"translation": [0, -4.75, 0]
		},
		"firstperson_lefthand": {
			"rotation": [0, -73, 0],
			"translation": [0, -4.75, 0]
		},
		"ground": {
			"rotation": [90, 0, 0],
			"translation": [0, -2, 0],
			"scale": [0.5, 0.5, 0.5]
		},
		"gui": {
			"rotation": [25, 53, 0],
			"translation": [0.5, 0, 0],
			"scale": [0.8, 0.8, 0.8]
		},
		"head": {
			"translation": [0, 0, -4.75]
		},
		"fixed": {
			"translation": [0, 0, 0.25]
		}
	},
	"groups": [
		{
			"name": "medkit",
			"origin": [0, 0, 0],
			"color": 0,
			"nbt": "{}",
			"children": [0, 1, 2, 3]
		}
	]
}