{
	"credit": "Made with Blockbench",
	"texture_size": [48, 48],
	"textures": {
		"0": "item/scanner",
		"particle": "item/scanner"
	},
	"elements": [
		{
			"from": [5, 7.07823, 3.36595],
			"to": [11, 10.07823, 15.36595],
			"rotation": {"angle": 0, "axis": "y", "origin": [8, 8, 4]},
			"faces": {
				"north": {"uv": [4, 4, 6, 5], "texture": "#0"},
				"east": {"uv": [0, 4, 4, 5], "texture": "#0"},
				"south": {"uv": [10, 4, 12, 5], "texture": "#0"},
				"west": {"uv": [6, 4, 10, 5], "texture": "#0"},
				"up": {"uv": [6, 4, 4, 0], "texture": "#0"},
				"down": {"uv": [8, 0, 6, 4], "texture": "#0"}
			}
		},
		{
			"from": [6, 0, 0],
			"to": [10, 9, 3],
			"rotation": {"angle": 22.5, "axis": "x", "origin": [8, 0, 0]},
			"faces": {
				"north": {"uv": [1, 6, 2.33333, 9], "texture": "#0"},
				"east": {"uv": [0, 6, 1, 9], "texture": "#0"},
				"south": {"uv": [3.33333, 6, 4.66667, 9], "texture": "#0"},
				"west": {"uv": [2.33333, 6, 3.33333, 9], "texture": "#0"},
				"up": {"uv": [2.33333, 6, 1, 5], "texture": "#0"},
				"down": {"uv": [3.66667, 5, 2.33333, 6], "texture": "#0"}
			}
		},
		{
			"from": [7, 6, 5],
			"to": [9, 8, 7],
			"rotation": {"angle": 0, "axis": "y", "origin": [8, 0, 0]},
			"faces": {
				"north": {"uv": [0.66667, 0.66667, 1.33333, 1.33333], "texture": "#0"},
				"east": {"uv": [0, 0.66667, 0.66667, 1.33333], "texture": "#0"},
				"south": {"uv": [2, 0.66667, 2.66667, 1.33333], "texture": "#0"},
				"west": {"uv": [1.33333, 0.66667, 2, 1.33333], "texture": "#0"},
				"up": {"uv": [1.33333, 0.66667, 0.66667, 0], "texture": "#0"},
				"down": {"uv": [2, 0, 1.33333, 0.66667], "texture": "#0"}
			}
		}
	],
	"display": {
		"thirdperson_righthand": {
			"rotation": [0, 180, 0],
			"translation": [0, 0.35, -0.75],
			"scale": [0.5, 0.5, 0.5]
		},
		"thirdperson_lefthand": {
			"rotation": [0, 180, 0],
			"translation": [0, 0.35, -0.75],
			"scale": [0.5, 0.5, 0.5]
		},
		"firstperson_righthand": {
			"rotation": [0, 180, 0],
			"translation": [0, 2, 0],
			"scale": [0.75, 0.75, 0.75]
		},
		"firstperson_lefthand": {
			"rotation": [0, 180, 0],
			"translation": [0, 2, 0],
			"scale": [0.75, 0.75, 0.75]
		},
		"ground": {
			"translation": [0, 1, 0],
			"scale": [0.5, 0.5, 0.5]
		},
		"gui": {
			"rotation": [20, 50, 0],
			"translation": [0, 1.75, 0]
		},
		"fixed": {
			"rotation": [0, 91, 0],
			"translation": [0, 0, -1.5]
		}
	},
	"groups": [
		{
			"name": "scanner",
			"origin": [8, 0, 0],
			"color": 0,
			"nbt": "{}",
			"children": [0, 1, 2]
		}
	]
}