{
 "parent": "item/handheld_rod",
 "textures": {
  "layer0": "item/warped_fungus_on_a_stick"
 },

 "overrides": [
  { "predicate": {"custom_model_data": 629001}, "model": "item/antidote"},
  { "predicate": {"custom_model_data": 629002}, "model": "item/scanner"},
  { "predicate": {"custom_model_data": 629003}, "model": "item/bandaid"},
  { "predicate": {"custom_model_data": 629004}, "model": "item/medkit"},
  { "predicate": {"custom_model_data": 629005}, "model": "item/vaccine"},
  { "predicate": {"custom_model_data": 629006}, "model": "item/pistol"},
  { "predicate": {"custom_model_data": 629007}, "model": "item/shotgun"},
  { "predicate": {"custom_model_data": 629008}, "model": "item/ak-47"},
  { "predicate": {"custom_model_data": 629009}, "model": "item/crowbar"},
  { "predicate": {"custom_model_data": 629010}, "model": "item/sniper"},
  { "predicate": {"custom_model_data": 629011}, "model": "item/grenade_launcher"}
 ]

 
}