{
    "overwrite.antidote": {
    "category": "master",
    "sounds": [
    "overwrite/item/antidote"
  ],
    "subtitle": "Antidote Injects"
  },
  "overwrite.scanner": {
    "category": "master",
    "sounds": [
    "overwrite/item/scanner"
  ],
    "subtitle": "Scanner Beeps"
  },
  "overwrite.fall": {
    "category": "master",
    "sounds": [
    "overwrite/injury/fall"
  ],
    "subtitle": "Leg Snaps"
  },
  "overwrite.pistolshot": {
    "category": "master",
    "sounds": [
    "overwrite/guns/pistol/shoot"
  ],
    "subtitle": "Pistol Shoots"
  },
  "overwrite.shotgunshot": {
    "category": "master",
    "sounds": [
    "overwrite/guns/shotgun/shoot"
  ],
    "subtitle": "Shotgun Shoots"
  },
  "overwrite.grenadeshoot": {
    "category": "master",
    "sounds": [
    "overwrite/guns/grenade/shoot"
  ],
    "subtitle": "Grenade Launcher Launches"
  },
  "overwrite.dread1": {
    "category": "master",
    "sounds": [
    "overwrite/design/dread1"
  ],
    "subtitle": "Player Dreads"
  },
  "overwrite.dread2": {
    "category": "master",
    "sounds": [
    "overwrite/design/dread2"
  ],
    "subtitle": "Player Dreads"
  },
  "overwrite.dread3": {
    "category": "master",
    "sounds": [
    "overwrite/design/dread3"
  ],
    "subtitle": "Player Dreads"
  },
  "overwrite.dread4": {
    "category": "master",
    "sounds": [
    "overwrite/design/dread4"
  ],
    "subtitle": "Player Dreads"
  }
}